orgin_port,destination_port,total_route_cost
PORT04,PORT09,15162464.59858808
PORT09,PORT09,470608.18496096134
PORT05,PORT09,149.11915004253387
